{
  "export_date": "2026-02-11T22:43:02.911049",
  "champion_model_name": "Stacking_Ensemble",
  "champion_r2": 0.8011024275599852,
  "all_model_performances": {
    "Ridge": 0.7576828354557626,
    "ElasticNet": 0.6315547454592061,
    "RandomForest": 0.7770673579892053,
    "GradientBoosting": 0.7928696412113193,
    "AdaBoost": 0.7040385492536871,
    "SVR": 0.7754234550825845,
    "Voting_Ensemble": 0.795157191691851,
    "Stacking_Ensemble": 0.8011024275599852,
    "Weighted_Voting": 0.7950911954948868,
    "Enhanced_GB": 0.7502825112544157,
    "Ultimate_Ensemble": 0.7916848236735549,
    "Elite_Ensemble": 0.7926897243635072
  },
  "cities_supported": [
    "ariana",
    "ben arous",
    "la manouba",
    "tunis"
  ],
  "best_k_per_city": {
    "ariana": 5,
    "ben arous": 4,
    "la manouba": 4,
    "tunis": 5
  },
  "features_required": [
    "city",
    "region",
    "size",
    "room_count",
    "bathroom_count",
    "avg_room_size"
  ]
}