{
  "export_date": "2026-02-12T22:28:56.169577",
  "champion_model_name": "Voting_Ensemble",
  "champion_r2": 0.8703226230515909,
  "all_model_performances": {
    "Ridge": 0.7446915867526265,
    "ElasticNet": 0.723263976334202,
    "RandomForest": 0.8602203769685398,
    "GradientBoosting": 0.8628072629737222,
    "AdaBoost": 0.8291908075782063,
    "SVR": 0.8512245098544643,
    "Voting_Ensemble": 0.8703226230515909,
    "Stacking_Ensemble": 0.8658440356539464,
    "Weighted_Voting": 0.868665178283625,
    "Enhanced_GB": 0.7502825112544157,
    "Ultimate_Ensemble": 0.8652112872910998,
    "Elite_Ensemble": 0.8638803273913157
  },
  "cities_supported": [
    "ariana",
    "ben arous",
    "la manouba",
    "tunis"
  ],
  "best_k_per_city": {
    "ariana": 5,
    "ben arous": 4,
    "la manouba": 4,
    "tunis": 5
  },
  "features_required": [
    "city",
    "tier",
    "size",
    "room_count",
    "bathroom_count",
    "avg_room_size"
  ]
}