{
  "export_date": "2026-02-12T22:50:50.045200",
  "champion_model_name": "Voting_Ensemble",
  "champion_r2": 0.8833338105630477,
  "all_model_performances": {
    "Ridge": 0.7948814265454588,
    "ElasticNet": 0.7232639763342098,
    "RandomForest": 0.8732851566157985,
    "GradientBoosting": 0.8720845140483069,
    "AdaBoost": 0.8178608781579155,
    "SVR": 0.8616200763790921,
    "Voting_Ensemble": 0.8833338105630477,
    "Stacking_Ensemble": 0.8804866904958741,
    "Weighted_Voting": 0.8819293235418839,
    "XGBoost": 0.8743590257649932,
    "Enhanced_GB": 0.7502825112544157,
    "Ultimate_Ensemble": 0.8761326343419056,
    "Elite_Ensemble": 0.8776887068785044
  },
  "cities_supported": [
    "ariana",
    "ben arous",
    "la manouba",
    "tunis"
  ],
  "best_k_per_city": {
    "ariana": 5,
    "ben arous": 4,
    "la manouba": 4,
    "tunis": 5
  },
  "features_required": [
    "city",
    "region",
    "tier",
    "size",
    "room_count",
    "bathroom_count",
    "avg_room_size"
  ]
}